category,name,sku,barcode,selling_price,cost_price,tax_rate,unit,initial_stock,low_stock_threshold,description
Soft Drinks,Maltina-Can,Malt-001,,650,500,0,bottle,41,20,Carbonated soft drink
Soft Drinks,Nutri-Milk-Plastic,Nutr-002,,700,500,0,bottle,58,20,Carbonated soft drink
Soft Drinks,Malta Guinness-Can,Malt-003,,650,500,0,bottle,31,20,Carbonated soft drink
Soft Drinks,Fanta 50cl -Plastic,Fant-004,,500,400,0,bottle,37,20,Carbonated soft drink
Soft Drinks,Fearless-Plastic,Fear-005,,500,400,0,bottle,54,20,Carbonated soft drink
Soft Drinks,Team Bitter Lemon,Team-006,,500,400,0,bottle,26,20,Carbonated soft drink
Soft Drinks,Coca-Cola 50cl-Plastic,Coca-007,,500,400,0,bottle,49,20,Carbonated soft drink
Soft Drinks,5-Alive 35cl,5-Al-008,,650,500,0,bottle,7,20,Carbonated soft drink
Soft Drinks,5-Alive 85cl,5-Al-009,,1500,1000,0,bottle,6,20,Carbonated soft drink
Soft Drinks,Schweppes Can,Schw-0010,,600,400,0,bottle,56,20,Carbonated soft drink
Soft Drinks,Aquafina Water,Aqua-0011,,300,200,0,bottle,84,20,Carbonated soft drink
Soft Drinks,Fanta 35cl -Plastic,Fant-0012,,300,200,0,bottle,12,20,Carbonated soft drink
Soft Drinks,Coca-Cola 35cl-Plastic,Coca-0013,,300,200,0,bottle,16,20,Carbonated soft drink
Soft Drinks,Smoov Chapman,Smoo-0014,,300,200,0,bottle,10,20,Carbonated soft drink
Soft Drinks,Chivita Active 1L,Chiv-0015,,2000,1500,0,bottle,8,20,Carbonated soft drink
Soft Drinks,Hollandia Yoghurt 1L,Holl-0016,,2000,1500,0,bottle,5,20,Carbonated soft drink
Soft Drinks,Monster Energy Drink,Mons-0017,,1300,1000,0,bottle,57,20,Carbonated soft drink
Soft Drinks,Predator Energy Drink,Pred-0018,,500,400,0,bottle,18,20,Carbonated soft drink
Soft Drinks,Sprite 50cl,Spri-0019,,500,400,0,bottle,10,20,Carbonated soft drink
Soft Drinks,V-Cool Coffe Cola,V-Co-0020,,500,400,0,bottle,9,20,Carbonated soft drink
Soft Drinks,Infinite Power 50cl Enery Drink ,Infi-0021,,450,300,0,bottle,3,20,Carbonated soft drink
Soft Drinks,mr-V Bottle 75cl Water,mr-V-0022,,300,200,0,bottle,8,20,Carbonated soft drink
Soft Drinks,American Cola 60CL,Amer-0023,,500,400,0,bottle,11,20,Carbonated soft drink
Soft Drinks,Schweppes 40cl Bottle,Schw-0024,,500,400,0,bottle,10,20,Carbonated soft drink
Soft Drinks,Coca-Cola 50cl-Bottle,Coca-0025,,350,200,0,bottle,5,20,Carbonated soft drink
Soft Drinks,Sprite 50cl-Bottle,Spri-0026,,350,200,0,bottle,5,20,Carbonated soft drink
Soft Drinks,Fanta 50cl -Bottle,Fant-0027,,350,200,0,bottle,4,20,Carbonated soft drink
Soft Drinks,Pure Water,Pure-0028,,30,10,0,bottle,50,20,Carbonated soft drink
Soft Drinks,Pure Water Bag,Pure-0029,,400,300,0,bottle,51,20,Carbonated soft drink
Spirit Drinks,Orijin Bitters 20cl,Orij-0031,,1500,1300,0,bottle,25,20,Alcoholic Spirit Drink
Spirit Drinks,Gbefun Supper Bitters-200ml,Gbef-0032,,600,500,0,bottle,21,20,Alcoholic Spirit Drink
Spirit Drinks,Striker Bitters-120ml,Stri-0033,,400,300,0,bottle,24,20,Alcoholic Spirit Drink
Spirit Drinks,Igboya Bitters-375ml,Igbo-0034,,1200,1000,0,bottle,21,20,Alcoholic Spirit Drink
Spirit Drinks,Yaahu Gin-125ml,Yaah-0035,,400,300,0,bottle,4,20,Alcoholic Spirit Drink
Spirit Drinks,Kakaraka Bitters-120ml,Kaka-0036,,400,300,0,bottle,23,20,Alcoholic Spirit Drink
Spirit Drinks,Chief Schnapps-120ml,Chie-0037,,400,300,0,bottle,42,20,Alcoholic Spirit Drink
Spirit Drinks,Erujeje Ginger-120ml,Eruj-0038,,400,300,0,bottle,38,20,Alcoholic Spirit Drink
Spirit Drinks,Igboya Bitters-200ml,Igbo-0039,,600,500,0,bottle,14,20,Alcoholic Spirit Drink
Spirit Drinks,Night Charger-200ml,Nigh-0040,,600,500,0,bottle,12,20,Alcoholic Spirit Drink
Spirit Drinks,Igboya Bitters-100ml,Igbo-0041,,400,300,0,bottle,35,20,Alcoholic Spirit Drink
Spirit Drinks,Coco Samba-100ml,Coco-0042,,400,300,0,bottle,10,20,Alcoholic Spirit Drink
Spirit Drinks,Revive Herbal Mixture-120ml,Revi-0043,,400,300,0,bottle,4,20,Alcoholic Spirit Drink
Spirit Drinks,Odogwu Bitters-200ml,Odog-0044,,950,800,0,bottle,15,20,Alcoholic Spirit Drink
Spirit Drinks,Lacoco Liqueur-200ml,Laco-0045,,1000,800,0,bottle,11,20,Alcoholic Spirit Drink
Spirit Drinks,Squadron Dark Rum-375ml,Squa-0046,,2500,2400,0,bottle,8,20,Alcoholic Spirit Drink
Spirit Drinks,Black Wood Bitters-120ml,Blac-0047,,400,300,0,bottle,49,20,Alcoholic Spirit Drink
Spirit Drinks,Doncoco Vodka-200ml,Donc-0048,,800,700,0,bottle,40,20,Alcoholic Spirit Drink
Spirit Drinks,Imperial Blue-180ml,Impe-0049,,1500,1300,0,bottle,23,20,Alcoholic Spirit Drink
Spirit Drinks,Long Rider Whisky-200ml,Long-0050,,1500,1300,0,bottle,16,20,Alcoholic Spirit Drink
Spirit Drinks,Action Bitters-200ml,Acti-0051,,1000,800,0,bottle,31,20,Alcoholic Spirit Drink
Spirit Drinks,Orijin Bitters-750ml,Orij-0052,,5000,4000,0,bottle,10,20,Alcoholic Spirit Drink
Spirit Drinks,8pm Grain Whisky-750ml,8pm -0053,,8500,7000,0,bottle,9,20,Alcoholic Spirit Drink
Spirit Drinks,Four Cousins-750ml,Four-0054,,9500,8000,0,bottle,4,20,Alcoholic Spirit Drink
Spirit Drinks,X-Man 200ml,X-Ma-0055,,800,700,0,bottle,9,20,Alcoholic Spirit Drink
Spirit Drinks,Gbefun Supper Bitters-37.5cl,Gbef-0056,,1100,800,0,bottle,18,20,Alcoholic Spirit Drink
Spirit Drinks,Castello Blended Gin-75cl,Cast-0057,,2500,2100,0,bottle,12,20,Alcoholic Spirit Drink
Spirit Drinks,Gordons Dry Gin-75cl,Gord-0058,,7500,7100,0,bottle,12,20,Alcoholic Spirit Drink
Spirit Drinks,Gbefun Supper Bitters-100ml,Gbef-0059,,400,300,0,bottle,22,20,Alcoholic Spirit Drink
Spirit Drinks,Lord Gin-175ml,Lord-0060,,1200,1000,0,bottle,10,20,Alcoholic Spirit Drink
Spirit Drinks,Big Ben Strawberry Gin-200ml,Big -0061,,800,700,0,bottle,37,20,Alcoholic Spirit Drink
Spirit Drinks,Big Ben Chocolate Gin-200ml,Big -0062,,800,700,0,bottle,14,20,Alcoholic Spirit Drink
Spirit Drinks,Alogin-100ml,Alog-0063,,400,300,0,bottle,13,20,Alcoholic Spirit Drink
Spirit Drinks,Captain Jack-200ml,Capt-0064,,800,700,0,bottle,18,20,Alcoholic Spirit Drink
Spirit Drinks,X-Man 100ml,X-Ma-0065,,400,300,0,bottle,41,20,Alcoholic Spirit Drink
Spirit Drinks,Seamans Schnapps-750ml,Seam-0066,,4500,4200,0,bottle,6,20,Alcoholic Spirit Drink
Spirit Drinks,Action Bitters-750ml,Acti-0067,,5000,4500,0,bottle,10,20,Alcoholic Spirit Drink
Spirit Drinks,Alogin-200ml,Alog-0068,,800,700,0,bottle,,20,Alcoholic Spirit Drink
Spirit Drinks,Lord Gin-750ml,Lord-0069,,4500,4000,0,bottle,9,20,Alcoholic Spirit Drink
Spirit Drinks,Chelsea Dry Gin-750ml,Chel-0070,,4500,400,0,bottle,5,20,Alcoholic Spirit Drink
Spirit Drinks,Jekonmo Herbal Mix-100ml,Jeko-0071,,800,700,0,bottle,22,20,Alcoholic Spirit Drink
Spirit Drinks,Lacoco Blended Wisky-200ml,Laco-0072,,1000,800,0,bottle,21,20,Alcoholic Spirit Drink
Spirit Drinks,Imperial Blue-700ml,Impe-0073,,6000,5600,0,bottle,12,20,Alcoholic Spirit Drink
Spirit Drinks,Andre-750ml,Andr-0074,,15000,1400,0,bottle,1,20,Alcoholic Spirit Drink
Alcoholic Drinks,Flying Fish-500ml Can,Flyi-0076,,1200,1000,0,piece,7,20,Alcoholic Spirit Drink
Alcoholic Drinks,Desperados-440ml Can,Desp-0077,,1300,1000,0,piece,19,20,Alcoholic Spirit Drink
Alcoholic Drinks,Castle Lite-500ml Can,Cast-0078,,1000,1000,0,piece,14,20,Alcoholic Spirit Drink
Alcoholic Drinks,Smirnoff Ice Double Black Can,Smir-0079,,1500,1000,0,piece,26,20,Alcoholic Spirit Drink
Alcoholic Drinks,Guinness Stout-440ml Can,Guin-0080,,1800,1000,0,piece,11,20,Alcoholic Spirit Drink
Alcoholic Drinks,Life-500ml Can,Life-0081,,1200,1000,0,piece,11,20,Alcoholic Spirit Drink
Alcoholic Drinks,Guinness Stout-330ml Can,Guin-0082,,1300,1000,0,piece,24,20,Alcoholic Spirit Drink
Alcoholic Drinks,Heineken-50cl Can,Hein-0083,,1500,1000,0,piece,8,20,Alcoholic Spirit Drink
Alcoholic Drinks,Legend Stout Can,Lege-0084,,1300,1000,0,piece,23,20,Alcoholic Spirit Drink
Alcoholic Drinks,Bullet-250ml Can,Bull-0085,,1800,1000,0,piece,24,20,Alcoholic Spirit Drink
Alcoholic Drinks,Smirnoff Ice-330ml Can,Smir-0086,,1200,1000,0,piece,14,20,Alcoholic Spirit Drink
Alcoholic Drinks,Trophy-500ml Can,Trop-0087,,1000,800,0,piece,40,20,Alcoholic Spirit Drink
Alcoholic Drinks,Hero-500ml Can,Hero-0088,,1000,800,0,piece,23,20,Alcoholic Spirit Drink
Alcoholic Drinks,Goldberg-500ml Can,Gold-0089,,1000,800,0,piece,12,20,Alcoholic Spirit Drink
Snacks,Butter Snack Shortbread,Butt-0091,,400,300,0,piece,6,20,Biscute
Snacks,Supreme Digestive ,Supr-0092,,300,200,0,piece,28,20,Biscute
Snacks,Secret Bites Milk Cookies,Secr-0093,,150,100,0,piece,57,20,Biscute
Snacks,Rich Shortbread,Rich-0094,,400,200,0,piece,21,20,Biscute
Snacks,Munch,Munc-0095,,500,400,0,piece,0,20,Biscute
Snacks,Chweing Gum,Chwe-0096,,20,10,0,piece,35,20,Chewing Gum
Snacks,Pea Nut Rubber,Pea -0097,,500,400,0,piece,11,20,Peanut
Snacks,Pea Nut Sachet,Pea -0098,,100,50,0,piece,28,20,Peanut
Snacks,Platain Chips,Plat-0099,,200,100,0,piece,0,20,Chips
Snacks,Potatoe Chips,Pota-00100,,200,100,0,piece,29,20,Chips
Snacks,Donough,Dono-00101,,100,80,0,piece,7,20,Donought
Snacks,Chinchin,Chin-00102,,200,150,0,piece,18,20,Chinchint
Ciggerate,Rothmans Royals ,Roth-00104,,50,40,0,piece,10,20,Ciggerate
Ciggerate,Rothmans Royals Pack,Roth-00105,,1000,800,0,piece,15,20,Ciggerate
Ciggerate,Benson Demi,Bens-00106,,60,45,0,piece,10,20,Ciggerate
Ciggerate,Benson Demi Pack,Bens-00107,,1200,1000,0,piece,21,20,Ciggerate
Ciggerate,Aspen,Aspe-00108,,50,40,0,piece,10,20,Ciggerate
Ciggerate,Aspen Pack,Aspe-00109,,1000,900,0,piece,1,20,Ciggerate
Ciggerate,Platinum,Plat-00110,,50,40,0,piece,10,20,Ciggerate
Ciggerate,Platinum Pack,Plat-00111,,1000,800,0,piece,12,20,Ciggerate
Ciggerate,Gold Seal White,Gold-00112,,50,40,0,piece,10,20,Ciggerate
Ciggerate,Gold Seal White Pack,Gold-00113,,1000,900,0,piece,20,20,Ciggerate
Ciggerate,Gold Seal Chocolate,Gold-00114,,50,40,0,piece,10,20,Ciggerate
Ciggerate,Gold Seal Chocolate Pack,Gold-00115,,1000,900,0,piece,13,20,Ciggerate
Ciggerate,Rothmans Brown,Roth-00116,,60,50,0,piece,10,20,Ciggerate
Ciggerate,Rothmans Brown Pack,Roth-00117,,1200,1000,0,piece,28,20,Ciggerate
Ciggerate,Rothmans London,Roth-00118,,50,40,0,piece,10,20,Ciggerate
Ciggerate,Rothmans London Pack,Roth-00119,,1000,900,0,piece,19,20,Ciggerate
Ciggerate,Benson,Bens-00120,,60,50,0,piece,10,20,Ciggerate
Ciggerate,Benson Pack,Bens-00121,,1200,900,0,piece,6,20,Ciggerate
Ciggerate,Esse Change,Esse-00122,,100,80,0,piece,10,20,Ciggerate
Ciggerate,Esse Change Pack,Esse-00123,,1800,1400,0,piece,9,20,Ciggerate
Ciggerate,Oris Chocolate,Oris-00124,,50,40,0,piece,10,20,Ciggerate
Ciggerate,Oris Chocolate Pack,Oris-00125,,1000,800,0,piece,25,20,Ciggerate
Ciggerate,Oris Slims Chocolate,Oris-00126,,100,80,0,piece,10,20,Ciggerate
Ciggerate,Oris Slims Chocolate Pack,Oris-00127,,1800,1500,0,piece,13,20,Ciggerate
Ciggerate,Bohem,Bohe-00128,,70,50,0,piece,10,20,Ciggerate
Ciggerate,Bohem Pack,Bohe-00129,,1400,1200,0,piece,7,20,Ciggerate
Ciggerate,Rothmans Switch,Roth-00130,,80,60,0,piece,10,20,Ciggerate
Ciggerate,Rothmans Switch Pack,Roth-00131,,1600,1400,0,piece,6,20,Ciggerate
Ciggerate,Pall Mall,Pall-00132,,50,40,0,piece,10,20,Ciggerate
Ciggerate,Pall Mall Pack,Pall-00133,,1000,900,0,piece,14,20,Ciggerate
Ciggerate,Pall Mall Menthol,Pall-00134,,50,40,0,piece,10,20,Ciggerate
Ciggerate,Pall Mall Menthol Pack,Pall-00135,,1000,900,0,piece,8,20,Ciggerate
Ciggerate,Yes,Yes-00136,,50,40,0,piece,10,20,Ciggerate
Ciggerate,Yes Pack,Yes -00137,,1000,850,0,piece,8,20,Ciggerate
Food Stuffs,Yagi,Yagi-00139,,1000,700,0,piece,4,20,Yagi
Food Stuffs,Indomie Super Pack,Indo-00140,,400,350,0,piece,45,20,Food Stuffs
Food Stuffs,Indomie Small Pack,Indo-00141,,300,250,0,piece,70,20,Food Stuffs
Food Stuffs,Golden Penny Spaghetti,Gold-00142,,1200,1000,0,piece,22,20,Food Stuffs
Food Stuffs,Egg,Egg-00143,,300,200,0,piece,14,20,Food Stuffs
Food Stuffs,Egg Boiled,Egg -00144,,300,200,0,piece,15,20,Food Stuffs
Food Stuffs,Egg Create,Egg -00145,,8500,8000,0,piece,1,20,Food Stuffs
Others,Matches,Matc-00147,,50,40,0,piece,26,20,Matches
Others,Biro,Biro-00148,,100,80,0,piece,27,20,Birot
Others,Lighter,Ligh-00149,,150,120,0,piece,16,20,Lighter
